{
  "frequencies": [
    2.916600151665933,
    3.1457900759707553,
    4.858183272532306,
    0.6052327732495195,
    1.7542669720725328
  ],
  "amplitudes": [
    0.018435201819594974,
    0.34091879380647583,
    0.32332907433344693,
    0.13690381834456178,
    0.18041311169592048
  ],
  "use_sine": [
    false,
    false,
    true,
    true,
    false
  ],
  "signal": [
    336.5130939805877,
    352.8476689535498,
    367.91929126093197,
    362.90541442090984,
    355.4825664380613,
    357.0553559202441,
    301.9982191778822,
    258.80270500286326,
    223.50560553775838,
    168.97857396361852,
    128.50582529818092,
    94.46724889860963,
    91.40658363987625,
    75.43485907569065,
    97.75888949500265,
    118.93454704392157,
    158.7178418341373,
    184.32279940887977,
    231.4434101186963,
    239.5746826307071,
    276.3779760810236,
    302.3135711284231,
    292.5564302039032,
    310.5105513003011,
    284.72943222258334,
    284.18108098686037,
    250.7054999465581,
    226.94266604932903,
    210.9260596270013,
    206.56034286136997,
    182.87920306096058,
    198.17155853481236,
    210.8679859203924,
    219.21143725589133,
    240.00654831501114,
    264.9925040573055,
    240.21276942525984,
    257.85307040634007,
    226.7936021161616,
    226.02180517476114,
    235.79500783457888,
    245.03283388233265,
    198.91975787035338,
    205.47532970548124,
    206.05724172400463,
    213.53878514338854,
    218.67513796812628,
    261.46814612037497,
    292.66457943637334,
    323.53124911876563,
    364.89846865025606,
    390.0,
    378.39426006794565,
    385.7732951772006,
    357.39362152452287,
    323.9973096633165,
    311.41237638138034,
    229.87397166019528,
    197.00579732743807,
    160.6578582621909,
    120.42601772789783,
    93.16097271178671,
    52.292052110697135,
    72.0539063072693,
    53.45392277613421,
    102.6267396954877,
    111.399983514006,
    168.85497157778735,
    191.81250670256017,
    199.51220472198074,
    225.60882024155066,
    276.51104905827947,
    255.8471267560547,
    244.1345271091341,
    235.43940157819495,
    231.5494888726697,
    211.60290421202686,
    201.2104631827549,
    197.93352318648772,
    184.77844604991034,
    199.30204017627705,
    188.95205573640646,
    212.60640807947095,
    208.8734305828367,
    232.61925816405127,
    220.0815108898687,
    235.00360708001787,
    213.03124542817562,
    212.7432433293286,
    183.56464856795793,
    163.07474356257165,
    127.44491974244497,
    136.5087204306875,
    118.78265497571078,
    141.6483547971211,
    150.6334241890993,
    168.77995672534541,
    186.23552116607965,
    225.06080594732867,
    269.84441486931365,
    276.59301497197816,
    301.39932143340525,
    328.7527281939914,
    304.65327846851307,
    304.74152349847384,
    281.9987386627413,
    218.6184275393374,
    184.42752057108618,
    137.50064070565324,
    94.51614093761594,
    60.8776875178348,
    39.94533428450896,
    24.805644633633683,
    49.99790740107695,
    50.23585479465689,
    71.6725259679759,
    132.7887166622561,
    148.43053366255063,
    177.11704006454096,
    219.40811804169067,
    243.9308376099848,
    252.95289844288592,
    229.73239033089078,
    234.3290045269298,
    219.27153401525095,
    221.65025121499784,
    207.75751536009406,
    199.73994933486298,
    210.1106002010779,
    246.77887911041114,
    261.0493357687212,
    257.15430625680796,
    281.12163099194515,
    296.22116968769535,
    286.621888424414,
    294.9532750448465,
    267.304819370025,
    257.7629019162248,
    249.21136394177637,
    210.37669758959188,
    167.60679196595237,
    178.58754630042077,
    140.50268661561915,
    142.9561905383583,
    147.3607492276015,
    162.9311923522073,
    188.1553976130889,
    224.66241553333464,
    265.9443646679206,
    287.8463240937087,
    310.9993439914157,
    361.3048677042979,
    355.1556843529874,
    365.20643434729635,
    306.3001132998325,
    295.3894293202424,
    251.54789387158309,
    214.2945123782622,
    177.61462166333396,
    139.53212125975847,
    123.82493531408747,
    120.72035099478468,
    100.86066883314805,
    108.03967243627191,
    140.72098535581452,
    179.23559463271462,
    213.26960906753519,
    228.06439881717063,
    231.93259360900367,
    256.1769318975287,
    257.51774569921787,
    262.3055900293016,
    264.9121390158651,
    270.2648546343308,
    268.18053526526467,
    251.14688405851197,
    242.2725490187874,
    274.90267966259785,
    265.7697440712999,
    281.79907269071657,
    293.58720603137607,
    323.1674633354852,
    319.8517065599303,
    329.30926858113895,
    320.2026634552463,
    313.8197957537419,
    278.2196414095128,
    253.10826095728171,
    198.22978610031976,
    197.24445023219883,
    145.09764529190167,
    123.93961013535188,
    101.45280178073031,
    97.51072428257635,
    104.78182811107536,
    139.37125768828204,
    149.85124775439908,
    187.29431830902163,
    234.81553988309545,
    262.803620322185,
    296.00599725336536,
    293.96620170535454,
    308.0063096694254,
    295.584894310039,
    266.3003936261067,
    249.42528837124914,
    204.3844880794012,
    185.4295378767379,
    154.6165722450654,
    101.24246079766331,
    83.98286561976659,
    78.18275082143683,
    92.45952162457334,
    120.93831738866221,
    149.2928175603726,
    131.09305444916308,
    164.2848308056706,
    176.58132013323927,
    200.25220052871526,
    208.39171274470178,
    228.18412013759175,
    216.68874137354052,
    215.35919937527936,
    211.95353324612555,
    203.500526426678,
    198.2576998733261,
    203.15681073637015,
    215.0857860222995,
    237.73119809750685,
    247.2934206864673,
    272.266833717439,
    320.22574074354293,
    315.51551012118836,
    300.9722934477079,
    292.1038510376622,
    263.64911683686273,
    209.10815813128514,
    197.22988492705193,
    141.19305504877485,
    121.42969083984262,
    91.14435885169387,
    54.49677472636894,
    56.62767177649244,
    33.951097267987436,
    71.82887310943437,
    92.00126723884968,
    135.04002886535918,
    162.24210650750922,
    196.37972949340374,
    239.87399369083732,
    273.33003327749196,
    284.99277860871655,
    298.48674882159645,
    275.81036753482596,
    244.51112502873332,
    245.4804546293197,
    208.25358445643536,
    177.6116251030285,
    152.85310158415695,
    146.38078400866985,
    149.84199580562046,
    138.32015023240507,
    171.27374731727045,
    159.5563011108364,
    186.006621800637,
    206.12374417179328,
    231.11155318060372,
    235.5532193692661,
    245.68647697823894,
    247.20858488215842,
    246.1570199298024,
    228.36400151938318,
    235.4282276494754,
    217.40777684230625,
    225.56756425889958,
    235.72798369620077,
    264.3494775172893,
    271.30085409831815,
    294.2821267668296,
    291.0203019725442,
    342.6734047993296,
    356.7037349836721,
    356.6798884583811,
    350.47646438371686,
    321.90624544944166,
    297.7239958363854,
    250.2796177688648,
    215.7870501038422,
    175.86399233526103,
    144.28166683873465,
    105.26627800345175,
    77.95629760632042,
    57.10381322331955,
    89.43673160048408,
    88.174308804108,
    125.22213223540413,
    168.95300038372318,
    206.38202961633849,
    241.79933153758753,
    286.84843302421615,
    297.297174658647,
    299.39624860437715,
    316.9520196480212,
    300.0793988175302,
    317.020077886259,
    284.2028731159538,
    264.06200556506394,
    239.11028160502852,
    223.69936725575604,
    230.56046384751426,
    212.94687695828037,
    214.29477588647563,
    226.80318816756713,
    233.24924825493065,
    269.8767596983847,
    253.83498751417818,
    272.26657778973566,
    261.76099542123495,
    252.1027300321378,
    229.81083590275549,
    208.23551867130647,
    195.5538734694771,
    192.23063533846275,
    198.08762435193742,
